ts,payload,day,hour,minute,month,source,year
2026-07-01 18:49:28.137-03,"{""Message"":{""UnknownMessage"":{}},""MessageType"":""UnknownMessage"",""MetaData"":{""MMSI"":992356231,""MMSI_String"":992356231,""ShipName"":"""",""latitude"":51.49573,""longitude"":0.04163,""time_utc"":""2026-07-01 21:49:26.593055299 +0000 UTC""}}",01,21,49,07,aisstream,2026
2026-07-01 18:49:28.137-03,"{""Message"":{""UnknownMessage"":{}},""MessageType"":""UnknownMessage"",""MetaData"":{""MMSI"":226016380,""MMSI_String"":226016380,""ShipName"":""O'RANA"",""latitude"":49.4622,""longitude"":0.13243,""time_utc"":""2026-07-01 21:49:26.594348557 +0000 UTC""}}",01,21,49,07,aisstream,2026
2026-07-01 18:49:28.137-03,"{""Message"":{""PositionReport"":{""Cog"":248.3,""CommunicationState"":84858,""Latitude"":49.14216666666667,""Longitude"":-123.86867000000001,""MessageID"":3,""NavigationalStatus"":5,""PositionAccuracy"":true,""Raim"":false,""RateOfTurn"":127,""RepeatIndicator"":0,""Sog"":0.1,""Spare"":0,""SpecialManoeuvreIndicator"":0,""Timestamp"":23,""TrueHeading"":106,""UserID"":316034963,""Valid"":true}},""MessageType"":""PositionReport"",""MetaData"":{""MMSI"":316034963,""MMSI_String"":316034963,""ShipName"":""SEA IMP XI          "",""latitude"":49.14217,""longitude"":-123.86867,""time_utc"":""2026-07-01 21:49:26.598022212 +0000 UTC""}}",01,21,49,07,aisstream,2026
2026-07-01 18:49:28.137-03,"{""Message"":{""PositionReport"":{""Cog"":8.7,""CommunicationState"":84074,""Latitude"":44.40008,""Longitude"":8.916755,""MessageID"":3,""NavigationalStatus"":5,""PositionAccuracy"":false,""Raim"":false,""RateOfTurn"":-128,""RepeatIndicator"":0,""Sog"":0,""Spare"":0,""SpecialManoeuvreIndicator"":0,""Timestamp"":25,""TrueHeading"":511,""UserID"":247338600,""Valid"":true}},""MessageType"":""PositionReport"",""MetaData"":{""MMSI"":247338600,""MMSI_String"":247338600,""ShipName"":""TECNE"",""latitude"":44.40008,""longitude"":8.91676,""time_utc"":""2026-07-01 21:49:26.595321462 +0000 UTC""}}",01,21,49,07,aisstream,2026
2026-07-01 18:49:28.137-03,"{""Message"":{""PositionReport"":{""Cog"":206,""CommunicationState"":82362,""Latitude"":51.88322166666667,""Longitude"":4.425685,""MessageID"":1,""NavigationalStatus"":0,""PositionAccuracy"":false,""Raim"":false,""RateOfTurn"":-128,""RepeatIndicator"":0,""Sog"":0.1,""Spare"":0,""SpecialManoeuvreIndicator"":1,""Timestamp"":25,""TrueHeading"":511,""UserID"":244630051,""Valid"":true}},""MessageType"":""PositionReport"",""MetaData"":{""MMSI"":244630051,""MMSI_String"":244630051,""ShipName"":""CLIMAX              "",""latitude"":51.88322,""longitude"":4.42568,""time_utc"":""2026-07-01 21:49:26.601665395 +0000 UTC""}}",01,21,49,07,aisstream,2026
2026-07-01 18:49:28.137-03,"{""Message"":{""StaticDataReport"":{""MessageID"":24,""PartNumber"":false,""RepeatIndicator"":0,""ReportA"":{""Name"":""ARCHIBALD           "",""Valid"":true},""ReportB"":{""CallSign"":"""",""Dimension"":{""A"":0,""B"":0,""C"":0,""D"":0},""FixType"":0,""ShipType"":0,""Spare"":0,""Valid"":false,""VenderIDModel"":0,""VenderIDSerial"":0,""VendorIDName"":""""},""Reserved"":0,""UserID"":227428860,""Valid"":true}},""MessageType"":""StaticDataReport"",""MetaData"":{""MMSI"":227428860,""MMSI_String"":227428860,""ShipName"":""ARCHIBALD           "",""latitude"":43.58396,""longitude"":7.12811,""time_utc"":""2026-07-01 21:49:26.602640488 +0000 UTC""}}",01,21,49,07,aisstream,2026
2026-07-01 18:49:28.137-03,"{""Message"":{""StaticDataReport"":{""MessageID"":24,""PartNumber"":true,""RepeatIndicator"":1,""ReportA"":{""Name"":"""",""Valid"":false},""ReportB"":{""CallSign"":"""",""Dimension"":{""A"":0,""B"":0,""C"":0,""D"":0},""FixType"":0,""ShipType"":30,""Spare"":0,""Valid"":true,""VenderIDModel"":0,""VenderIDSerial"":8192,""VendorIDName"":""OVA""},""Reserved"":0,""UserID"":416001051,""Valid"":true}},""MessageType"":""StaticDataReport"",""MetaData"":{""MMSI"":416001051,""MMSI_String"":416001051,""ShipName"":"""",""latitude"":25.35026,""longitude"":121.78643,""time_utc"":""2026-07-01 21:49:26.606784704 +0000 UTC""}}",01,21,49,07,aisstream,2026
2026-07-01 18:49:28.137-03,"{""Message"":{""UnknownMessage"":{}},""MessageType"":""UnknownMessage"",""MetaData"":{""MMSI"":992356231,""MMSI_String"":992356231,""ShipName"":"""",""latitude"":51.49573,""longitude"":0.04163,""time_utc"":""2026-07-01 21:49:26.605656437 +0000 UTC""}}",01,21,49,07,aisstream,2026
2026-07-01 18:49:28.137-03,"{""Message"":{""StandardClassBPositionReport"":{""AssignedMode"":false,""ClassBBand"":true,""ClassBDisplay"":false,""ClassBDsc"":true,""ClassBMsg22"":true,""ClassBUnit"":true,""Cog"":224.4,""CommunicationState"":393222,""CommunicationStateIsItdma"":true,""Latitude"":52.20277,""Longitude"":4.645716666666667,""MessageID"":18,""PositionAccuracy"":true,""Raim"":true,""RepeatIndicator"":0,""Sog"":0,""Spare1"":0,""Spare2"":0,""Timestamp"":26,""TrueHeading"":511,""UserID"":244063556,""Valid"":true}},""MessageType"":""StandardClassBPositionReport"",""MetaData"":{""MMSI"":244063556,""MMSI_String"":244063556,""ShipName"":""PURA VIDA"",""latitude"":52.20277,""longitude"":4.64572,""time_utc"":""2026-07-01 21:49:26.615990094 +0000 UTC""}}",01,21,49,07,aisstream,2026
2026-07-01 18:49:28.137-03,"{""Message"":{""ShipStaticData"":{""AisVersion"":1,""CallSign"":""OYBQ   "",""Destination"":"""",""Dimension"":{""A"":6,""B"":7,""C"":2,""D"":3},""Dte"":false,""Eta"":{""Day"":0,""Hour"":24,""Minute"":60,""Month"":0},""FixType"":15,""ImoNumber"":0,""MaximumStaticDraught"":0,""MessageID"":5,""Name"":""AURELIA             "",""RepeatIndicator"":0,""Spare"":false,""Type"":30,""UserID"":219005904,""Valid"":true}},""MessageType"":""ShipStaticData"",""MetaData"":{""MMSI"":219005904,""MMSI_String"":219005904,""ShipName"":""AURELIA             "",""latitude"":56.04178,""longitude"":12.61311,""time_utc"":""2026-07-01 21:49:26.637593225 +0000 UTC""}}",01,21,49,07,aisstream,2026
2026-07-01 18:49:28.137-03,"{""Message"":{""UnknownMessage"":{}},""MessageType"":""UnknownMessage"",""MetaData"":{""MMSI"":992356231,""MMSI_String"":992356231,""ShipName"":"""",""latitude"":51.49573,""longitude"":0.04163,""time_utc"":""2026-07-01 21:49:26.640915859 +0000 UTC""}}",01,21,49,07,aisstream,2026
2026-07-01 18:49:28.137-03,"{""Message"":{""StandardClassBPositionReport"":{""AssignedMode"":false,""ClassBBand"":true,""ClassBDisplay"":false,""ClassBDsc"":true,""ClassBMsg22"":true,""ClassBUnit"":true,""Cog"":58.6,""CommunicationState"":393222,""CommunicationStateIsItdma"":true,""Latitude"":55.411939999999994,""Longitude"":12.931831666666666,""MessageID"":18,""PositionAccuracy"":true,""Raim"":true,""RepeatIndicator"":0,""Sog"":0,""Spare1"":0,""Spare2"":0,""Timestamp"":26,""TrueHeading"":511,""UserID"":265038050,""Valid"":true}},""MessageType"":""StandardClassBPositionReport"",""MetaData"":{""MMSI"":265038050,""MMSI_String"":265038050,""ShipName"":"""",""latitude"":55.41194,""longitude"":12.93183,""time_utc"":""2026-07-01 21:49:26.654623585 +0000 UTC""}}",01,21,49,07,aisstream,2026
2026-07-01 18:49:28.137-03,"{""Message"":{""DataLinkManagementMessage"":{""Data"":{""0"":{""Increment"":1125,""Offset"":126,""TimeOut"":0,""Valid"":false,""integerOfSlots"":3},""1"":{""Increment"":1125,""Offset"":129,""TimeOut"":0,""Valid"":false,""integerOfSlots"":3},""2"":{""Increment"":0,""Offset"":0,""TimeOut"":0,""Valid"":false,""integerOfSlots"":0},""3"":{""Increment"":0,""Offset"":0,""TimeOut"":0,""Valid"":false,""integerOfSlots"":0}},""MessageID"":20,""RepeatIndicator"":0,""Spare"":0,""UserID"":5030021,""Valid"":true}},""MessageType"":""DataLinkManagementMessage"",""MetaData"":{""MMSI"":5030021,""MMSI_String"":5030021,""ShipName"":"""",""latitude"":-26.6797,""longitude"":153.13843,""time_utc"":""2026-07-01 21:49:26.655483816 +0000 UTC""}}",01,21,49,07,aisstream,2026
2026-07-01 18:49:28.137-03,"{""Message"":{""UnknownMessage"":{}},""MessageType"":""UnknownMessage"",""MetaData"":{""MMSI"":269057151,""MMSI_String"":269057151,""ShipName"":""SERENE"",""latitude"":48.84107,""longitude"":2.27065,""time_utc"":""2026-07-01 21:49:26.658275181 +0000 UTC""}}",01,21,49,07,aisstream,2026
2026-07-01 18:49:28.137-03,"{""Message"":{""PositionReport"":{""Cog"":0,""CommunicationState"":33733,""Latitude"":52.47056333333333,""Longitude"":4.812058333333334,""MessageID"":1,""NavigationalStatus"":4,""PositionAccuracy"":true,""Raim"":true,""RateOfTurn"":-128,""RepeatIndicator"":0,""Sog"":0,""Spare"":0,""SpecialManoeuvreIndicator"":0,""Timestamp"":25,""TrueHeading"":511,""UserID"":244090050,""Valid"":true}},""MessageType"":""PositionReport"",""MetaData"":{""MMSI"":244090050,""MMSI_String"":244090050,""ShipName"":""OSTREA"",""latitude"":52.47056,""longitude"":4.81206,""time_utc"":""2026-07-01 21:49:26.660723899 +0000 UTC""}}",01,21,49,07,aisstream,2026
2026-07-01 18:49:28.247-03,"{""Message"":{""UnknownMessage"":{}},""MessageType"":""UnknownMessage"",""MetaData"":{""MMSI"":244850598,""MMSI_String"":244850598,""ShipName"":""ANDERS J. GOEDKOOP"",""latitude"":51.97721,""longitude"":5.90617,""time_utc"":""2026-07-01 21:49:26.663637467 +0000 UTC""}}",01,21,49,07,aisstream,2026
2026-07-01 18:49:28.247-03,"{""Message"":{""StandardClassBPositionReport"":{""AssignedMode"":false,""ClassBBand"":true,""ClassBDisplay"":true,""ClassBDsc"":true,""ClassBMsg22"":true,""ClassBUnit"":true,""Cog"":40,""CommunicationState"":393222,""CommunicationStateIsItdma"":true,""Latitude"":-2.2830999999999997,""Longitude"":104.83836500000001,""MessageID"":18,""PositionAccuracy"":true,""Raim"":false,""RepeatIndicator"":0,""Sog"":5.6,""Spare1"":0,""Spare2"":0,""Timestamp"":25,""TrueHeading"":511,""UserID"":525300385,""Valid"":true}},""MessageType"":""StandardClassBPositionReport"",""MetaData"":{""MMSI"":525300385,""MMSI_String"":525300385,""ShipName"":""TB LUMENA 26        "",""latitude"":-2.2831,""longitude"":104.83837,""time_utc"":""2026-07-01 21:49:26.665854282 +0000 UTC""}}",01,21,49,07,aisstream,2026
2026-07-01 18:49:28.247-03,"{""Message"":{""PositionReport"":{""Cog"":197.5,""CommunicationState"":4,""Latitude"":58.88824666666667,""Longitude"":5.520825,""MessageID"":1,""NavigationalStatus"":0,""PositionAccuracy"":false,""Raim"":false,""RateOfTurn"":0,""RepeatIndicator"":0,""Sog"":8.2,""Spare"":0,""SpecialManoeuvreIndicator"":0,""Timestamp"":25,""TrueHeading"":197,""UserID"":244140000,""Valid"":true}},""MessageType"":""PositionReport"",""MetaData"":{""MMSI"":244140000,""MMSI_String"":244140000,""ShipName"":""STAVFJORD"",""latitude"":58.88825,""longitude"":5.52083,""time_utc"":""2026-07-01 21:49:26.674992729 +0000 UTC""}}",01,21,49,07,aisstream,2026
2026-07-01 18:49:28.247-03,"{""Message"":{""PositionReport"":{""Cog"":0,""CommunicationState"":114721,""Latitude"":51.14505833333333,""Longitude"":3.780843333333333,""MessageID"":1,""NavigationalStatus"":0,""PositionAccuracy"":true,""Raim"":true,""RateOfTurn"":-128,""RepeatIndicator"":0,""Sog"":0,""Spare"":0,""SpecialManoeuvreIndicator"":0,""Timestamp"":26,""TrueHeading"":511,""UserID"":205455490,""Valid"":true}},""MessageType"":""PositionReport"",""MetaData"":{""MMSI"":205455490,""MMSI_String"":205455490,""ShipName"":""WILLEM 1"",""latitude"":51.14506,""longitude"":3.78084,""time_utc"":""2026-07-01 21:49:26.701530238 +0000 UTC""}}",01,21,49,07,aisstream,2026
2026-07-01 18:49:28.247-03,"{""Message"":{""StandardClassBPositionReport"":{""AssignedMode"":false,""ClassBBand"":false,""ClassBDisplay"":false,""ClassBDsc"":false,""ClassBMsg22"":false,""ClassBUnit"":false,""Cog"":322,""CommunicationState"":0,""CommunicationStateIsItdma"":false,""Latitude"":47.668821666666666,""Longitude"":-122.40511833333333,""MessageID"":18,""PositionAccuracy"":false,""Raim"":false,""RepeatIndicator"":0,""Sog"":7.2,""Spare1"":0,""Spare2"":0,""Timestamp"":60,""TrueHeading"":322,""UserID"":368193690,""Valid"":true}},""MessageType"":""StandardClassBPositionReport"",""MetaData"":{""MMSI"":368193690,""MMSI_String"":368193690,""ShipName"":""CATHERINE MARIE"",""latitude"":47.66882,""longitude"":-122.40512,""time_utc"":""2026-07-01 21:49:26.687698325 +0000 UTC""}}",01,21,49,07,aisstream,2026
2026-07-01 18:49:28.247-03,"{""Message"":{""PositionReport"":{""Cog"":94.4,""CommunicationState"":66533,""Latitude"":39.97844166666666,""Longitude"":-75.06954666666667,""MessageID"":1,""NavigationalStatus"":12,""PositionAccuracy"":true,""Raim"":false,""RateOfTurn"":0,""RepeatIndicator"":0,""Sog"":0,""Spare"":0,""SpecialManoeuvreIndicator"":0,""Timestamp"":27,""TrueHeading"":49,""UserID"":367560590,""Valid"":true}},""MessageType"":""PositionReport"",""MetaData"":{""MMSI"":367560590,""MMSI_String"":367560590,""ShipName"":""RED HOOK            "",""latitude"":39.97844,""longitude"":-75.06955,""time_utc"":""2026-07-01 21:49:26.709633663 +0000 UTC""}}",01,21,49,07,aisstream,2026
2026-07-01 18:49:28.247-03,"{""Message"":{""PositionReport"":{""Cog"":323.9,""CommunicationState"":768,""Latitude"":43.56272833333333,""Longitude"":-5.695651666666667,""MessageID"":3,""NavigationalStatus"":12,""PositionAccuracy"":false,""Raim"":false,""RateOfTurn"":-127,""RepeatIndicator"":0,""Sog"":1.1,""Spare"":0,""SpecialManoeuvreIndicator"":0,""Timestamp"":25,""TrueHeading"":57,""UserID"":225996762,""Valid"":true}},""MessageType"":""PositionReport"",""MetaData"":{""MMSI"":225996762,""MMSI_String"":225996762,""ShipName"":""RG ESVA             "",""latitude"":43.56273,""longitude"":-5.69565,""time_utc"":""2026-07-01 21:49:26.713605843 +0000 UTC""}}",01,21,49,07,aisstream,2026
2026-07-01 18:49:28.247-03,"{""Message"":{""ShipStaticData"":{""AisVersion"":2,""CallSign"":""CKN7150"",""Destination"":"""",""Dimension"":{""A"":15,""B"":12,""C"":7,""D"":3},""Dte"":false,""Eta"":{""Day"":0,""Hour"":24,""Minute"":60,""Month"":0},""FixType"":0,""ImoNumber"":9859947,""MaximumStaticDraught"":0,""MessageID"":5,""Name"":""ATLANTIC TITAN      "",""RepeatIndicator"":0,""Spare"":false,""Type"":30,""UserID"":316036617,""Valid"":true}},""MessageType"":""ShipStaticData"",""MetaData"":{""MMSI"":316036617,""MMSI_String"":316036617,""ShipName"":""ATLANTIC TITAN      "",""latitude"":47.56567,""longitude"":-52.69191,""time_utc"":""2026-07-01 21:49:26.720640891 +0000 UTC""}}",01,21,49,07,aisstream,2026
2026-07-01 18:49:28.247-03,"{""Message"":{""PositionReport"":{""Cog"":277.3,""CommunicationState"":66534,""Latitude"":36.22530166666666,""Longitude"":-8.664186666666666,""MessageID"":1,""NavigationalStatus"":0,""PositionAccuracy"":false,""Raim"":false,""RateOfTurn"":0,""RepeatIndicator"":0,""Sog"":10.4,""Spare"":0,""SpecialManoeuvreIndicator"":0,""Timestamp"":25,""TrueHeading"":277,""UserID"":636023978,""Valid"":true}},""MessageType"":""PositionReport"",""MetaData"":{""MMSI"":636023978,""MMSI_String"":636023978,""ShipName"":""CLARA B"",""latitude"":36.2253,""longitude"":-8.66419,""time_utc"":""2026-07-01 21:49:26.722602475 +0000 UTC""}}",01,21,49,07,aisstream,2026
2026-07-01 18:49:28.247-03,"{""Message"":{""PositionReport"":{""Cog"":360,""CommunicationState"":2264,""Latitude"":51.55044833333333,""Longitude"":3.8113516666666665,""MessageID"":1,""NavigationalStatus"":0,""PositionAccuracy"":true,""Raim"":true,""RateOfTurn"":-128,""RepeatIndicator"":0,""Sog"":0,""Spare"":0,""SpecialManoeuvreIndicator"":0,""Timestamp"":26,""TrueHeading"":511,""UserID"":205566490,""Valid"":true}},""MessageType"":""PositionReport"",""MetaData"":{""MMSI"":205566490,""MMSI_String"":205566490,""ShipName"":""ANNIE 5"",""latitude"":51.55045,""longitude"":3.81135,""time_utc"":""2026-07-01 21:49:26.717373637 +0000 UTC""}}",01,21,49,07,aisstream,2026
2026-07-01 18:49:28.247-03,"{""Message"":{""Interrogation"":{""MessageID"":15,""RepeatIndicator"":0,""Spare"":0,""Station1Msg1"":{""MessageID"":211746530,""SlotOffset"":0,""StationID"":211746530,""Valid"":true},""Station1Msg2"":{""MessageID"":0,""SlotOffset"":0,""Spare"":0,""Valid"":false},""Station2"":{""MessageID"":0,""SlotOffset"":0,""Spare1"":0,""Spare2"":0,""StationID"":0,""Valid"":false},""UserID"":2766140,""Valid"":true}},""MessageType"":""Interrogation"",""MetaData"":{""MMSI"":2766140,""MMSI_String"":2766140,""ShipName"":"""",""latitude"":59.51679,""longitude"":24.8398,""time_utc"":""2026-07-01 21:49:26.74190654 +0000 UTC""}}",01,21,49,07,aisstream,2026
2026-07-01 18:49:28.247-03,"{""Message"":{""PositionReport"":{""Cog"":354.9,""CommunicationState"":27332,""Latitude"":51.688653333333335,""Longitude"":4.596478333333334,""MessageID"":1,""NavigationalStatus"":0,""PositionAccuracy"":true,""Raim"":false,""RateOfTurn"":0,""RepeatIndicator"":0,""Sog"":0,""Spare"":0,""SpecialManoeuvreIndicator"":0,""Timestamp"":26,""TrueHeading"":106,""UserID"":245518000,""Valid"":true}},""MessageType"":""PositionReport"",""MetaData"":{""MMSI"":245518000,""MMSI_String"":245518000,""ShipName"":""HAM602              "",""latitude"":51.68865,""longitude"":4.59648,""time_utc"":""2026-07-01 21:49:26.748340121 +0000 UTC""}}",01,21,49,07,aisstream,2026
2026-07-01 18:49:28.247-03,"{""Message"":{""StandardClassBPositionReport"":{""AssignedMode"":false,""ClassBBand"":true,""ClassBDisplay"":false,""ClassBDsc"":true,""ClassBMsg22"":true,""ClassBUnit"":true,""Cog"":360,""CommunicationState"":393222,""CommunicationStateIsItdma"":true,""Latitude"":39.45950333333334,""Longitude"":-0.31445833333333334,""MessageID"":18,""PositionAccuracy"":true,""Raim"":true,""RepeatIndicator"":0,""Sog"":0,""Spare1"":0,""Spare2"":0,""Timestamp"":26,""TrueHeading"":511,""UserID"":225993618,""Valid"":true}},""MessageType"":""StandardClassBPositionReport"",""MetaData"":{""MMSI"":225993618,""MMSI_String"":225993618,""ShipName"":""OQRE"",""latitude"":39.4595,""longitude"":-0.31446,""time_utc"":""2026-07-01 21:49:26.756999089 +0000 UTC""}}",01,21,49,07,aisstream,2026
2026-07-01 18:49:28.247-03,"{""Message"":{""ShipStaticData"":{""AisVersion"":2,""CallSign"":""2BME6"",""Destination"":""FASLANE"",""Dimension"":{""A"":10,""B"":16,""C"":2,""D"":2},""Dte"":false,""Eta"":{""Day"":22,""Hour"":15,""Minute"":0,""Month"":6},""FixType"":1,""ImoNumber"":9476329,""MaximumStaticDraught"":3.2,""MessageID"":5,""Name"":""SD MARS"",""RepeatIndicator"":0,""Spare"":false,""Type"":52,""UserID"":235067374,""Valid"":true}},""MessageType"":""ShipStaticData"",""MetaData"":{""MMSI"":235067374,""MMSI_String"":235067374,""ShipName"":""SD MARS"",""latitude"":56.05331,""longitude"":-4.82013,""time_utc"":""2026-07-01 21:49:26.757845788 +0000 UTC""}}",01,21,49,07,aisstream,2026
2026-07-01 18:49:28.248-03,"{""Message"":{""BaseStationReport"":{""CommunicationState"":49578,""FixType"":1,""Latitude"":36.097903333333335,""LongRangeEnable"":false,""Longitude"":-5.540616666666667,""MessageID"":4,""PositionAccuracy"":true,""Raim"":true,""RepeatIndicator"":0,""Spare"":0,""UserID"":2242111,""UtcDay"":15,""UtcHour"":21,""UtcMinute"":49,""UtcMonth"":11,""UtcSecond"":26,""UtcYear"":2006,""Valid"":true}},""MessageType"":""BaseStationReport"",""MetaData"":{""MMSI"":2242111,""MMSI_String"":2242111,""ShipName"":"""",""latitude"":36.0979,""longitude"":-5.54062,""time_utc"":""2026-07-01 21:49:26.76240938 +0000 UTC""}}",01,21,49,07,aisstream,2026
2026-07-01 18:49:28.248-03,"{""Message"":{""PositionReport"":{""Cog"":315.6,""CommunicationState"":2225,""Latitude"":52.46447833333333,""Longitude"":4.589906666666667,""MessageID"":1,""NavigationalStatus"":0,""PositionAccuracy"":true,""Raim"":false,""RateOfTurn"":0,""RepeatIndicator"":0,""Sog"":0.1,""Spare"":0,""SpecialManoeuvreIndicator"":0,""Timestamp"":25,""TrueHeading"":271,""UserID"":244860892,""Valid"":true}},""MessageType"":""PositionReport"",""MetaData"":{""MMSI"":244860892,""MMSI_String"":244860892,""ShipName"":""LESATH (PILOTS)"",""latitude"":52.46448,""longitude"":4.58991,""time_utc"":""2026-07-01 21:49:26.769265461 +0000 UTC""}}",01,21,49,07,aisstream,2026
2026-07-01 18:49:28.248-03,"{""Message"":{""PositionReport"":{""Cog"":258,""CommunicationState"":109472,""Latitude"":52.392626666666665,""Longitude"":4.823518333333333,""MessageID"":3,""NavigationalStatus"":5,""PositionAccuracy"":true,""Raim"":true,""RateOfTurn"":-128,""RepeatIndicator"":0,""Sog"":0,""Spare"":0,""SpecialManoeuvreIndicator"":0,""Timestamp"":27,""TrueHeading"":511,""UserID"":244150528,""Valid"":true}},""MessageType"":""PositionReport"",""MetaData"":{""MMSI"":244150528,""MMSI_String"":244150528,""ShipName"":""WABO 5              "",""latitude"":52.39263,""longitude"":4.82352,""time_utc"":""2026-07-01 21:49:26.770144829 +0000 UTC""}}",01,21,49,07,aisstream,2026
2026-07-01 18:49:28.248-03,"{""Message"":{""Interrogation"":{""MessageID"":15,""RepeatIndicator"":0,""Spare"":0,""Station1Msg1"":{""MessageID"":211746530,""SlotOffset"":0,""StationID"":211746530,""Valid"":true},""Station1Msg2"":{""MessageID"":0,""SlotOffset"":0,""Spare"":0,""Valid"":false},""Station2"":{""MessageID"":0,""SlotOffset"":0,""Spare1"":0,""Spare2"":0,""StationID"":0,""Valid"":false},""UserID"":2766040,""Valid"":true}},""MessageType"":""Interrogation"",""MetaData"":{""MMSI"":2766040,""MMSI_String"":2766040,""ShipName"":"""",""latitude"":58.55828,""longitude"":23.06721,""time_utc"":""2026-07-01 21:49:26.772305052 +0000 UTC""}}",01,21,49,07,aisstream,2026
2026-07-01 18:49:28.248-03,"{""Message"":{""UnknownMessage"":{}},""MessageType"":""UnknownMessage"",""MetaData"":{""MMSI"":205204390,""MMSI_String"":205204390,""ShipName"":""NAUTIEK"",""latitude"":51.38902,""longitude"":4.19152,""time_utc"":""2026-07-01 21:49:26.785243152 +0000 UTC""}}",01,21,49,07,aisstream,2026
2026-07-01 18:49:28.248-03,"{""Message"":{""StandardClassBPositionReport"":{""AssignedMode"":false,""ClassBBand"":true,""ClassBDisplay"":false,""ClassBDsc"":true,""ClassBMsg22"":false,""ClassBUnit"":false,""Cog"":155.1,""CommunicationState"":85770,""CommunicationStateIsItdma"":true,""Latitude"":43.69492666666667,""Longitude"":7.285115,""MessageID"":18,""PositionAccuracy"":false,""Raim"":true,""RepeatIndicator"":0,""Sog"":0,""Spare1"":0,""Spare2"":0,""Timestamp"":25,""TrueHeading"":244,""UserID"":229000464,""Valid"":true}},""MessageType"":""StandardClassBPositionReport"",""MetaData"":{""MMSI"":229000464,""MMSI_String"":229000464,""ShipName"":""L'INSTANT IV        "",""latitude"":43.69493,""longitude"":7.28512,""time_utc"":""2026-07-01 21:49:26.796716065 +0000 UTC""}}",01,21,49,07,aisstream,2026
2026-07-01 18:49:28.248-03,"{""Message"":{""StaticDataReport"":{""MessageID"":24,""PartNumber"":false,""RepeatIndicator"":0,""ReportA"":{""Name"":""LAGERTHA"",""Valid"":true},""ReportB"":{""CallSign"":"""",""Dimension"":{""A"":0,""B"":0,""C"":0,""D"":0},""FixType"":0,""ShipType"":0,""Spare"":0,""Valid"":false,""VenderIDModel"":0,""VenderIDSerial"":0,""VendorIDName"":""""},""Reserved"":0,""UserID"":235084223,""Valid"":true}},""MessageType"":""StaticDataReport"",""MetaData"":{""MMSI"":235084223,""MMSI_String"":235084223,""ShipName"":""LAGERTHA"",""latitude"":48.28012,""longitude"":-4.58932,""time_utc"":""2026-07-01 21:49:26.812336907 +0000 UTC""}}",01,21,49,07,aisstream,2026
2026-07-01 18:49:28.248-03,"{""Message"":{""PositionReport"":{""Cog"":247,""CommunicationState"":33768,""Latitude"":37.09591,""Longitude"":-8.598463333333333,""MessageID"":1,""NavigationalStatus"":15,""PositionAccuracy"":true,""Raim"":true,""RateOfTurn"":-128,""RepeatIndicator"":0,""Sog"":8.5,""Spare"":0,""SpecialManoeuvreIndicator"":0,""Timestamp"":26,""TrueHeading"":511,""UserID"":263407670,""Valid"":true}},""MessageType"":""PositionReport"",""MetaData"":{""MMSI"":263407670,""MMSI_String"":263407670,""ShipName"":""TRES LEOTES"",""latitude"":37.09591,""longitude"":-8.59846,""time_utc"":""2026-07-01 21:49:26.77992826 +0000 UTC""}}",01,21,49,07,aisstream,2026
2026-07-01 18:49:28.248-03,"{""Message"":{""PositionReport"":{""Cog"":351.4,""CommunicationState"":85050,""Latitude"":49.28248333333333,""Longitude"":-123.18986166666667,""MessageID"":3,""NavigationalStatus"":1,""PositionAccuracy"":false,""Raim"":false,""RateOfTurn"":0,""RepeatIndicator"":0,""Sog"":0.1,""Spare"":0,""SpecialManoeuvreIndicator"":0,""Timestamp"":21,""TrueHeading"":283,""UserID"":311000996,""Valid"":true}},""MessageType"":""PositionReport"",""MetaData"":{""MMSI"":311000996,""MMSI_String"":311000996,""ShipName"":""AMMOS"",""latitude"":49.28248,""longitude"":-123.18986,""time_utc"":""2026-07-01 21:49:26.813660599 +0000 UTC""}}",01,21,49,07,aisstream,2026
2026-07-01 18:49:28.248-03,"{""Message"":{""Interrogation"":{""MessageID"":15,""RepeatIndicator"":0,""Spare"":0,""Station1Msg1"":{""MessageID"":211746530,""SlotOffset"":0,""StationID"":211746530,""Valid"":true},""Station1Msg2"":{""MessageID"":0,""SlotOffset"":0,""Spare"":0,""Valid"":false},""Station2"":{""MessageID"":0,""SlotOffset"":0,""Spare1"":0,""Spare2"":0,""StationID"":0,""Valid"":false},""UserID"":2766140,""Valid"":true}},""MessageType"":""Interrogation"",""MetaData"":{""MMSI"":2766140,""MMSI_String"":2766140,""ShipName"":"""",""latitude"":59.51679,""longitude"":24.8398,""time_utc"":""2026-07-01 21:49:26.814671115 +0000 UTC""}}",01,21,49,07,aisstream,2026
2026-07-01 18:49:28.248-03,"{""Message"":{""PositionReport"":{""Cog"":249.2,""CommunicationState"":2235,""Latitude"":38.462491666666665,""Longitude"":15.906704999999999,""MessageID"":1,""NavigationalStatus"":11,""PositionAccuracy"":false,""Raim"":false,""RateOfTurn"":0,""RepeatIndicator"":0,""Sog"":0,""Spare"":0,""SpecialManoeuvreIndicator"":0,""Timestamp"":26,""TrueHeading"":200,""UserID"":247270200,""Valid"":true}},""MessageType"":""PositionReport"",""MetaData"":{""MMSI"":247270200,""MMSI_String"":247270200,""ShipName"":""MEDMA"",""latitude"":38.46249,""longitude"":15.9067,""time_utc"":""2026-07-01 21:49:26.815613773 +0000 UTC""}}",01,21,49,07,aisstream,2026
2026-07-01 18:49:28.264-03,"{""Message"":{""PositionReport"":{""Cog"":283,""CommunicationState"":164783,""Latitude"":33.2,""Longitude"":34.28333333333333,""MessageID"":1,""NavigationalStatus"":0,""PositionAccuracy"":false,""Raim"":false,""RateOfTurn"":0,""RepeatIndicator"":0,""Sog"":0,""Spare"":0,""SpecialManoeuvreIndicator"":0,""Timestamp"":39,""TrueHeading"":283,""UserID"":538008397,""Valid"":true}},""MessageType"":""PositionReport"",""MetaData"":{""MMSI"":538008397,""MMSI_String"":538008397,""ShipName"":""ENERGEAN POWER      "",""latitude"":33.2,""longitude"":34.28333,""time_utc"":""2026-07-01 21:49:26.817560652 +0000 UTC""}}",01,21,49,07,aisstream,2026
2026-07-01 18:49:28.264-03,"{""Message"":{""StaticDataReport"":{""MessageID"":24,""PartNumber"":false,""RepeatIndicator"":0,""ReportA"":{""Name"":""SEMESCO OKEANOS"",""Valid"":true},""ReportB"":{""CallSign"":"""",""Dimension"":{""A"":0,""B"":0,""C"":0,""D"":0},""FixType"":0,""ShipType"":0,""Spare"":0,""Valid"":false,""VenderIDModel"":0,""VenderIDSerial"":0,""VendorIDName"":""""},""Reserved"":0,""UserID"":210114000,""Valid"":true}},""MessageType"":""StaticDataReport"",""MetaData"":{""MMSI"":210114000,""MMSI_String"":210114000,""ShipName"":""SEMESCO OKEANOS"",""latitude"":34.72178,""longitude"":33.30598,""time_utc"":""2026-07-01 21:49:26.819116007 +0000 UTC""}}",01,21,49,07,aisstream,2026
2026-07-01 18:49:28.264-03,"{""Message"":{""PositionReport"":{""Cog"":195.1,""CommunicationState"":4000,""Latitude"":33.28031,""Longitude"":33.897455,""MessageID"":3,""NavigationalStatus"":0,""PositionAccuracy"":true,""Raim"":true,""RateOfTurn"":0,""RepeatIndicator"":0,""Sog"":9,""Spare"":0,""SpecialManoeuvreIndicator"":0,""Timestamp"":25,""TrueHeading"":197,""UserID"":341642002,""Valid"":true}},""MessageType"":""PositionReport"",""MetaData"":{""MMSI"":341642002,""MMSI_String"":341642002,""ShipName"":""DAMAS WAVE"",""latitude"":33.28031,""longitude"":33.89746,""time_utc"":""2026-07-01 21:49:26.816692071 +0000 UTC""}}",01,21,49,07,aisstream,2026
2026-07-01 18:49:28.287-03,"{""Message"":{""PositionReport"":{""Cog"":303.8,""CommunicationState"":246082,""Latitude"":32.84329,""Longitude"":32.93671666666667,""MessageID"":1,""NavigationalStatus"":0,""PositionAccuracy"":true,""Raim"":false,""RateOfTurn"":0,""RepeatIndicator"":0,""Sog"":11.2,""Spare"":0,""SpecialManoeuvreIndicator"":0,""Timestamp"":60,""TrueHeading"":298,""UserID"":636020176,""Valid"":true}},""MessageType"":""PositionReport"",""MetaData"":{""MMSI"":636020176,""MMSI_String"":636020176,""ShipName"":""OCEAN S"",""latitude"":32.84329,""longitude"":32.93672,""time_utc"":""2026-07-01 21:49:26.820343488 +0000 UTC""}}",01,21,49,07,aisstream,2026
2026-07-01 18:49:28.287-03,"{""Message"":{""StandardClassBPositionReport"":{""AssignedMode"":false,""ClassBBand"":true,""ClassBDisplay"":false,""ClassBDsc"":true,""ClassBMsg22"":true,""ClassBUnit"":false,""Cog"":306.8,""CommunicationState"":66538,""CommunicationStateIsItdma"":false,""Latitude"":39.048395,""Longitude"":-28.139591666666668,""MessageID"":18,""PositionAccuracy"":true,""Raim"":true,""RepeatIndicator"":0,""Sog"":4.4,""Spare1"":0,""Spare2"":0,""Timestamp"":26,""TrueHeading"":511,""UserID"":244005952,""Valid"":true}},""MessageType"":""StandardClassBPositionReport"",""MetaData"":{""MMSI"":244005952,""MMSI_String"":244005952,""ShipName"":"""",""latitude"":39.0484,""longitude"":-28.13959,""time_utc"":""2026-07-01 21:49:26.821364258 +0000 UTC""}}",01,21,49,07,aisstream,2026
2026-07-01 18:49:28.287-03,"{""Message"":{""PositionReport"":{""Cog"":360,""CommunicationState"":27332,""Latitude"":52.418265,""Longitude"":4.746663333333333,""MessageID"":1,""NavigationalStatus"":0,""PositionAccuracy"":true,""Raim"":true,""RateOfTurn"":-128,""RepeatIndicator"":0,""Sog"":0,""Spare"":0,""SpecialManoeuvreIndicator"":0,""Timestamp"":26,""TrueHeading"":511,""UserID"":244670210,""Valid"":true}},""MessageType"":""PositionReport"",""MetaData"":{""MMSI"":244670210,""MMSI_String"":244670210,""ShipName"":""COMPROMIS"",""latitude"":52.41827,""longitude"":4.74666,""time_utc"":""2026-07-01 21:49:26.822666545 +0000 UTC""}}",01,21,49,07,aisstream,2026
2026-07-01 18:49:28.325-03,"{""Message"":{""DataLinkManagementMessage"":{""Data"":{""0"":{""Increment"":750,""Offset"":1693,""TimeOut"":7,""Valid"":false,""integerOfSlots"":1},""1"":{""Increment"":1125,""Offset"":2250,""TimeOut"":7,""Valid"":false,""integerOfSlots"":1},""2"":{""Increment"":0,""Offset"":0,""TimeOut"":0,""Valid"":false,""integerOfSlots"":0},""3"":{""Increment"":0,""Offset"":0,""TimeOut"":0,""Valid"":false,""integerOfSlots"":0}},""MessageID"":20,""RepeatIndicator"":0,""Spare"":0,""UserID"":2275215,""Valid"":true}},""MessageType"":""DataLinkManagementMessage"",""MetaData"":{""MMSI"":2275215,""MMSI_String"":2275215,""ShipName"":"""",""latitude"":49.86352,""longitude"":0.69981,""time_utc"":""2026-07-01 21:49:26.826553736 +0000 UTC""}}",01,21,49,07,aisstream,2026
2026-07-01 18:49:28.325-03,"{""Message"":{""StandardClassBPositionReport"":{""AssignedMode"":false,""ClassBBand"":true,""ClassBDisplay"":false,""ClassBDsc"":true,""ClassBMsg22"":true,""ClassBUnit"":false,""Cog"":360,""CommunicationState"":85050,""CommunicationStateIsItdma"":true,""Latitude"":49.76245666666667,""Longitude"":0.3659233333333333,""MessageID"":18,""PositionAccuracy"":false,""Raim"":false,""RepeatIndicator"":0,""Sog"":0,""Spare1"":0,""Spare2"":0,""Timestamp"":26,""TrueHeading"":511,""UserID"":228321690,""Valid"":true}},""MessageType"":""StandardClassBPositionReport"",""MetaData"":{""MMSI"":228321690,""MMSI_String"":228321690,""ShipName"":""ANNALDA"",""latitude"":49.76246,""longitude"":0.36592,""time_utc"":""2026-07-01 21:49:26.828922269 +0000 UTC""}}",01,21,49,07,aisstream,2026
2026-07-01 18:49:28.325-03,"{""Message"":{""PositionReport"":{""Cog"":282.4,""CommunicationState"":49154,""Latitude"":-39.05867666666666,""Longitude"":143.41292,""MessageID"":1,""NavigationalStatus"":0,""PositionAccuracy"":false,""Raim"":false,""RateOfTurn"":0,""RepeatIndicator"":0,""Sog"":10.3,""Spare"":0,""SpecialManoeuvreIndicator"":0,""Timestamp"":21,""TrueHeading"":287,""UserID"":563303700,""Valid"":true}},""MessageType"":""PositionReport"",""MetaData"":{""MMSI"":563303700,""MMSI_String"":563303700,""ShipName"":""TIENTSIN            "",""latitude"":-39.05868,""longitude"":143.41292,""time_utc"":""2026-07-01 21:49:26.84261166 +0000 UTC""}}",01,21,49,07,aisstream,2026
2026-07-01 18:49:28.325-03,"{""Message"":{""UnknownMessage"":{}},""MessageType"":""UnknownMessage"",""MetaData"":{""MMSI"":3160048,""MMSI_String"":3160048,""ShipName"":"""",""latitude"":43.13889,""longitude"":-79.19583,""time_utc"":""2026-07-01 21:49:26.852731293 +0000 UTC""}}",01,21,49,07,aisstream,2026
2026-07-01 18:49:28.325-03,"{""Message"":{""PositionReport"":{""Cog"":201.4,""CommunicationState"":2289,""Latitude"":46.73862666666666,""Longitude"":-92.145205,""MessageID"":1,""NavigationalStatus"":11,""PositionAccuracy"":true,""Raim"":false,""RateOfTurn"":0,""RepeatIndicator"":0,""Sog"":0,""Spare"":0,""SpecialManoeuvreIndicator"":0,""Timestamp"":26,""TrueHeading"":103,""UserID"":368218980,""Valid"":true}},""MessageType"":""PositionReport"",""MetaData"":{""MMSI"":368218980,""MMSI_String"":368218980,""ShipName"":""DAVID R. SCHANOCK   "",""latitude"":46.73863,""longitude"":-92.14521,""time_utc"":""2026-07-01 21:49:26.859614722 +0000 UTC""}}",01,21,49,07,aisstream,2026
2026-07-01 18:49:28.333-03,"{""Message"":{""PositionReport"":{""Cog"":66.5,""CommunicationState"":84586,""Latitude"":40.962851666666666,""Longitude"":28.928128333333333,""MessageID"":3,""NavigationalStatus"":1,""PositionAccuracy"":false,""Raim"":false,""RateOfTurn"":0,""RepeatIndicator"":0,""Sog"":0,""Spare"":0,""SpecialManoeuvreIndicator"":0,""Timestamp"":27,""TrueHeading"":23,""UserID"":620839000,""Valid"":true}},""MessageType"":""PositionReport"",""MetaData"":{""MMSI"":620839000,""MMSI_String"":620839000,""ShipName"":""FK SILA             "",""latitude"":40.96285,""longitude"":28.92813,""time_utc"":""2026-07-01 21:49:26.874091816 +0000 UTC""}}",01,21,49,07,aisstream,2026
2026-07-01 18:49:28.341-03,"{""Message"":{""StandardClassBPositionReport"":{""AssignedMode"":false,""ClassBBand"":true,""ClassBDisplay"":false,""ClassBDsc"":true,""ClassBMsg22"":true,""ClassBUnit"":true,""Cog"":44.1,""CommunicationState"":393222,""CommunicationStateIsItdma"":true,""Latitude"":-32.673325,""Longitude"":152.2331,""MessageID"":18,""PositionAccuracy"":false,""Raim"":true,""RepeatIndicator"":0,""Sog"":6.6,""Spare1"":0,""Spare2"":0,""Timestamp"":26,""TrueHeading"":511,""UserID"":503090890,""Valid"":true}},""MessageType"":""StandardClassBPositionReport"",""MetaData"":{""MMSI"":503090890,""MMSI_String"":503090890,""ShipName"":""CA VA"",""latitude"":-32.67333,""longitude"":152.2331,""time_utc"":""2026-07-01 21:49:26.878503934 +0000 UTC""}}",01,21,49,07,aisstream,2026
2026-07-01 18:49:28.347-03,"{""Message"":{""StandardClassBPositionReport"":{""AssignedMode"":false,""ClassBBand"":true,""ClassBDisplay"":false,""ClassBDsc"":true,""ClassBMsg22"":true,""ClassBUnit"":false,""Cog"":360,""CommunicationState"":84218,""CommunicationStateIsItdma"":true,""Latitude"":54.180985,""Longitude"":12.098216666666668,""MessageID"":18,""PositionAccuracy"":true,""Raim"":true,""RepeatIndicator"":0,""Sog"":0,""Spare1"":0,""Spare2"":0,""Timestamp"":26,""TrueHeading"":511,""UserID"":211858710,""Valid"":true}},""MessageType"":""StandardClassBPositionReport"",""MetaData"":{""MMSI"":211858710,""MMSI_String"":211858710,""ShipName"":""MANAIA"",""latitude"":54.18099,""longitude"":12.09822,""time_utc"":""2026-07-01 21:49:26.88367484 +0000 UTC""}}",01,21,49,07,aisstream,2026
2026-07-01 18:49:28.347-03,"{""Message"":{""StaticDataReport"":{""MessageID"":24,""PartNumber"":false,""RepeatIndicator"":0,""ReportA"":{""Name"":""TRUE NORTH"",""Valid"":true},""ReportB"":{""CallSign"":"""",""Dimension"":{""A"":0,""B"":0,""C"":0,""D"":0},""FixType"":0,""ShipType"":0,""Spare"":0,""Valid"":false,""VenderIDModel"":0,""VenderIDSerial"":0,""VendorIDName"":""""},""Reserved"":0,""UserID"":232007057,""Valid"":true}},""MessageType"":""StaticDataReport"",""MetaData"":{""MMSI"":232007057,""MMSI_String"":232007057,""ShipName"":""TRUE NORTH"",""latitude"":55.90857,""longitude"":-4.87556,""time_utc"":""2026-07-01 21:49:26.884635876 +0000 UTC""}}",01,21,49,07,aisstream,2026
2026-07-01 18:49:28.352-03,"{""Message"":{""PositionReport"":{""Cog"":271.7,""CommunicationState"":27332,""Latitude"":36.336980000000004,""Longitude"":22.024473333333333,""MessageID"":1,""NavigationalStatus"":0,""PositionAccuracy"":true,""Raim"":false,""RateOfTurn"":0,""RepeatIndicator"":0,""Sog"":10.9,""Spare"":0,""SpecialManoeuvreIndicator"":0,""Timestamp"":24,""TrueHeading"":271,""UserID"":241373000,""Valid"":true}},""MessageType"":""PositionReport"",""MetaData"":{""MMSI"":241373000,""MMSI_String"":241373000,""ShipName"":""SCARABE             "",""latitude"":36.33698,""longitude"":22.02447,""time_utc"":""2026-07-01 21:49:26.888261219 +0000 UTC""}}",01,21,49,07,aisstream,2026
2026-07-01 18:49:28.363-03,"{""Message"":{""StandardClassBPositionReport"":{""AssignedMode"":false,""ClassBBand"":true,""ClassBDisplay"":false,""ClassBDsc"":true,""ClassBMsg22"":true,""ClassBUnit"":false,""Cog"":360,""CommunicationState"":84778,""CommunicationStateIsItdma"":true,""Latitude"":52.902701666666665,""Longitude"":5.472465,""MessageID"":18,""PositionAccuracy"":false,""Raim"":false,""RepeatIndicator"":0,""Sog"":0,""Spare1"":0,""Spare2"":0,""Timestamp"":26,""TrueHeading"":511,""UserID"":244726142,""Valid"":true}},""MessageType"":""StandardClassBPositionReport"",""MetaData"":{""MMSI"":244726142,""MMSI_String"":244726142,""ShipName"":"""",""latitude"":52.9027,""longitude"":5.47247,""time_utc"":""2026-07-01 21:49:26.897775329 +0000 UTC""}}",01,21,49,07,aisstream,2026
2026-07-01 18:49:28.363-03,"{""Message"":{""PositionReport"":{""Cog"":360,""CommunicationState"":27332,""Latitude"":53.496943333333334,""Longitude"":9.977496666666667,""MessageID"":1,""NavigationalStatus"":0,""PositionAccuracy"":true,""Raim"":true,""RateOfTurn"":-128,""RepeatIndicator"":0,""Sog"":0,""Spare"":0,""SpecialManoeuvreIndicator"":0,""Timestamp"":26,""TrueHeading"":511,""UserID"":211741210,""Valid"":true}},""MessageType"":""PositionReport"",""MetaData"":{""MMSI"":211741210,""MMSI_String"":211741210,""ShipName"":""ISAR"",""latitude"":53.49694,""longitude"":9.9775,""time_utc"":""2026-07-01 21:49:26.899390976 +0000 UTC""}}",01,21,49,07,aisstream,2026
2026-07-01 18:49:28.363-03,"{""Message"":{""ShipStaticData"":{""AisVersion"":2,""CallSign"":""PC7210"",""Destination"":""ROTTERDAM"",""Dimension"":{""A"":29,""B"":8,""C"":3,""D"":3},""Dte"":false,""Eta"":{""Day"":0,""Hour"":24,""Minute"":60,""Month"":0},""FixType"":15,""ImoNumber"":0,""MaximumStaticDraught"":2,""MessageID"":5,""Name"":""ZEEMEEUW"",""RepeatIndicator"":0,""Spare"":false,""Type"":37,""UserID"":244710452,""Valid"":true}},""MessageType"":""ShipStaticData"",""MetaData"":{""MMSI"":244710452,""MMSI_String"":244710452,""ShipName"":""ZEEMEEUW"",""latitude"":51.91572,""longitude"":4.48284,""time_utc"":""2026-07-01 21:49:26.896834 +0000 UTC""}}",01,21,49,07,aisstream,2026
2026-07-01 18:49:28.376-03,"{""Message"":{""PositionReport"":{""Cog"":276.8,""CommunicationState"":215850,""Latitude"":32.81303333333333,""Longitude"":35.036100000000005,""MessageID"":3,""NavigationalStatus"":5,""PositionAccuracy"":false,""Raim"":false,""RateOfTurn"":0,""RepeatIndicator"":0,""Sog"":0,""Spare"":0,""SpecialManoeuvreIndicator"":0,""Timestamp"":25,""TrueHeading"":159,""UserID"":636020268,""Valid"":true}},""MessageType"":""PositionReport"",""MetaData"":{""MMSI"":636020268,""MMSI_String"":636020268,""ShipName"":""BLUE CIMENT 1       "",""latitude"":32.81303,""longitude"":35.0361,""time_utc"":""2026-07-01 21:49:26.900787471 +0000 UTC""}}",01,21,49,07,aisstream,2026
2026-07-01 18:49:28.376-03,"{""Message"":{""StandardClassBPositionReport"":{""AssignedMode"":false,""ClassBBand"":true,""ClassBDisplay"":false,""ClassBDsc"":true,""ClassBMsg22"":true,""ClassBUnit"":false,""Cog"":360,""CommunicationState"":85610,""CommunicationStateIsItdma"":true,""Latitude"":43.080461666666665,""Longitude"":5.9255016666666664,""MessageID"":18,""PositionAccuracy"":true,""Raim"":true,""RepeatIndicator"":0,""Sog"":0,""Spare1"":0,""Spare2"":0,""Timestamp"":26,""TrueHeading"":511,""UserID"":228179890,""Valid"":true}},""MessageType"":""StandardClassBPositionReport"",""MetaData"":{""MMSI"":228179890,""MMSI_String"":228179890,""ShipName"":""SANUK"",""latitude"":43.08046,""longitude"":5.9255,""time_utc"":""2026-07-01 21:49:26.905899681 +0000 UTC""}}",01,21,49,07,aisstream,2026
2026-07-01 18:49:28.386-03,"{""Message"":{""UnknownMessage"":{}},""MessageType"":""UnknownMessage"",""MetaData"":{""MMSI"":3160048,""MMSI_String"":3160048,""ShipName"":"""",""latitude"":43.13889,""longitude"":-79.19583,""time_utc"":""2026-07-01 21:49:26.915033673 +0000 UTC""}}",01,21,49,07,aisstream,2026
2026-07-01 18:49:28.397-03,"{""Message"":{""PositionReport"":{""Cog"":333.1,""CommunicationState"":66502,""Latitude"":29.613131666666668,""Longitude"":-93.80518666666667,""MessageID"":1,""NavigationalStatus"":0,""PositionAccuracy"":false,""Raim"":false,""RateOfTurn"":-128,""RepeatIndicator"":0,""Sog"":2.6,""Spare"":0,""SpecialManoeuvreIndicator"":0,""Timestamp"":26,""TrueHeading"":511,""UserID"":367646240,""Valid"":true}},""MessageType"":""PositionReport"",""MetaData"":{""MMSI"":367646240,""MMSI_String"":367646240,""ShipName"":""JESSICA MARIE       "",""latitude"":29.61313,""longitude"":-93.80519,""time_utc"":""2026-07-01 21:49:26.921883047 +0000 UTC""}}",01,21,49,07,aisstream,2026
2026-07-01 18:49:28.397-03,"{""Message"":{""StandardClassBPositionReport"":{""AssignedMode"":false,""ClassBBand"":true,""ClassBDisplay"":false,""ClassBDsc"":true,""ClassBMsg22"":true,""ClassBUnit"":false,""Cog"":336.9,""CommunicationState"":89514,""CommunicationStateIsItdma"":true,""Latitude"":52.31113333333334,""Longitude"":5.246361666666667,""MessageID"":18,""PositionAccuracy"":false,""Raim"":false,""RepeatIndicator"":0,""Sog"":0,""Spare1"":0,""Spare2"":0,""Timestamp"":26,""TrueHeading"":511,""UserID"":244002942,""Valid"":true}},""MessageType"":""StandardClassBPositionReport"",""MetaData"":{""MMSI"":244002942,""MMSI_String"":244002942,""ShipName"":""GREYHOUND"",""latitude"":52.31113,""longitude"":5.24636,""time_utc"":""2026-07-01 21:49:26.927401457 +0000 UTC""}}",01,21,49,07,aisstream,2026
2026-07-01 18:49:28.416-03,"{""Message"":{""PositionReport"":{""Cog"":50,""CommunicationState"":7712,""Latitude"":49.28852666666667,""Longitude"":-123.10558666666667,""MessageID"":3,""NavigationalStatus"":0,""PositionAccuracy"":false,""Raim"":false,""RateOfTurn"":-127,""RepeatIndicator"":0,""Sog"":11.5,""Spare"":0,""SpecialManoeuvreIndicator"":0,""Timestamp"":27,""TrueHeading"":45,""UserID"":316028554,""Valid"":true}},""MessageType"":""PositionReport"",""MetaData"":{""MMSI"":316028554,""MMSI_String"":316028554,""ShipName"":""BURRARD OTTER II    "",""latitude"":49.28853,""longitude"":-123.10559,""time_utc"":""2026-07-01 21:49:26.937569288 +0000 UTC""}}",01,21,49,07,aisstream,2026
2026-07-01 18:49:28.416-03,"{""Message"":{""DataLinkManagementMessage"":{""Data"":{""0"":{""Increment"":750,""Offset"":1640,""TimeOut"":2,""Valid"":false,""integerOfSlots"":1},""1"":{""Increment"":1125,""Offset"":2171,""TimeOut"":2,""Valid"":false,""integerOfSlots"":1},""2"":{""Increment"":1125,""Offset"":1306,""TimeOut"":2,""Valid"":false,""integerOfSlots"":1},""3"":{""Increment"":0,""Offset"":0,""TimeOut"":0,""Valid"":false,""integerOfSlots"":0}},""MessageID"":20,""RepeatIndicator"":0,""Spare"":0,""UserID"":2500420,""Valid"":true}},""MessageType"":""DataLinkManagementMessage"",""MetaData"":{""MMSI"":2500420,""MMSI_String"":2500420,""ShipName"":"""",""latitude"":53.29192,""longitude"":-9.11253,""time_utc"":""2026-07-01 21:49:26.952305649 +0000 UTC""}}",01,21,49,07,aisstream,2026
2026-07-01 18:49:28.428-03,"{""Message"":{""PositionReport"":{""Cog"":169,""CommunicationState"":81997,""Latitude"":51.90785666666667,""Longitude"":5.449813333333334,""MessageID"":1,""NavigationalStatus"":0,""PositionAccuracy"":true,""Raim"":true,""RateOfTurn"":-128,""RepeatIndicator"":0,""Sog"":0,""Spare"":0,""SpecialManoeuvreIndicator"":1,""Timestamp"":26,""TrueHeading"":511,""UserID"":244660522,""Valid"":true}},""MessageType"":""PositionReport"",""MetaData"":{""MMSI"":244660522,""MMSI_String"":244660522,""ShipName"":""LAURINA"",""latitude"":51.90786,""longitude"":5.44981,""time_utc"":""2026-07-01 21:49:26.959498219 +0000 UTC""}}",01,21,49,07,aisstream,2026
2026-07-01 18:49:28.428-03,"{""Message"":{""PositionReport"":{""Cog"":48.2,""CommunicationState"":66540,""Latitude"":37.45498,""Longitude"":126.59639833333334,""MessageID"":1,""NavigationalStatus"":0,""PositionAccuracy"":false,""Raim"":false,""RateOfTurn"":0,""RepeatIndicator"":0,""Sog"":0,""Spare"":0,""SpecialManoeuvreIndicator"":0,""Timestamp"":25,""TrueHeading"":301,""UserID"":440039450,""Valid"":true}},""MessageType"":""PositionReport"",""MetaData"":{""MMSI"":440039450,""MMSI_String"":440039450,""ShipName"":""KOREA PRINCE"",""latitude"":37.45498,""longitude"":126.5964,""time_utc"":""2026-07-01 21:49:26.971665899 +0000 UTC""}}",01,21,49,07,aisstream,2026
2026-07-01 18:49:28.428-03,"{""Message"":{""PositionReport"":{""Cog"":112.2,""CommunicationState"":99313,""Latitude"":51.967945,""Longitude"":4.04519,""MessageID"":1,""NavigationalStatus"":0,""PositionAccuracy"":false,""Raim"":false,""RateOfTurn"":0,""RepeatIndicator"":0,""Sog"":9.3,""Spare"":0,""SpecialManoeuvreIndicator"":0,""Timestamp"":27,""TrueHeading"":113,""UserID"":245821000,""Valid"":true}},""MessageType"":""PositionReport"",""MetaData"":{""MMSI"":245821000,""MMSI_String"":245821000,""ShipName"":""VB SIRIUS           "",""latitude"":51.96795,""longitude"":4.04519,""time_utc"":""2026-07-01 21:49:26.95834738 +0000 UTC""}}",01,21,49,07,aisstream,2026
2026-07-01 18:49:28.438-03,"{""Message"":{""PositionReport"":{""Cog"":74.5,""CommunicationState"":33764,""Latitude"":50.41522,""Longitude"":0.35483333333333333,""MessageID"":1,""NavigationalStatus"":0,""PositionAccuracy"":false,""Raim"":false,""RateOfTurn"":0,""RepeatIndicator"":0,""Sog"":10.8,""Spare"":0,""SpecialManoeuvreIndicator"":0,""Timestamp"":26,""TrueHeading"":74,""UserID"":255801540,""Valid"":true}},""MessageType"":""PositionReport"",""MetaData"":{""MMSI"":255801540,""MMSI_String"":255801540,""ShipName"":""AUTOSTAR            "",""latitude"":50.41522,""longitude"":0.35483,""time_utc"":""2026-07-01 21:49:26.974345514 +0000 UTC""}}",01,21,49,07,aisstream,2026
2026-07-01 18:49:28.438-03,"{""Message"":{""ShipStaticData"":{""AisVersion"":2,""CallSign"":""V2HM2  "",""Destination"":""GI GIB              "",""Dimension"":{""A"":132,""B"":15,""C"":6,""D"":17},""Dte"":false,""Eta"":{""Day"":2,""Hour"":10,""Minute"":0,""Month"":7},""FixType"":1,""ImoNumber"":9811983,""MaximumStaticDraught"":8.2,""MessageID"":5,""Name"":""BBC UKRAINE         "",""RepeatIndicator"":0,""Spare"":false,""Type"":70,""UserID"":305803000,""Valid"":true}},""MessageType"":""ShipStaticData"",""MetaData"":{""MMSI"":305803000,""MMSI_String"":305803000,""ShipName"":""BBC UKRAINE         "",""latitude"":36.39875,""longitude"":-9.4132,""time_utc"":""2026-07-01 21:49:26.977471137 +0000 UTC""}}",01,21,49,07,aisstream,2026
2026-07-01 18:49:28.455-03,"{""Message"":{""StandardClassBPositionReport"":{""AssignedMode"":false,""ClassBBand"":true,""ClassBDisplay"":false,""ClassBDsc"":true,""ClassBMsg22"":true,""ClassBUnit"":false,""Cog"":360,""CommunicationState"":82794,""CommunicationStateIsItdma"":true,""Latitude"":59.460905000000004,""Longitude"":18.278845,""MessageID"":18,""PositionAccuracy"":false,""Raim"":false,""RepeatIndicator"":0,""Sog"":0,""Spare1"":0,""Spare2"":0,""Timestamp"":26,""TrueHeading"":511,""UserID"":276009900,""Valid"":true}},""MessageType"":""StandardClassBPositionReport"",""MetaData"":{""MMSI"":276009900,""MMSI_String"":276009900,""ShipName"":""MELISSA"",""latitude"":59.46091,""longitude"":18.27885,""time_utc"":""2026-07-01 21:49:26.980320766 +0000 UTC""}}",01,21,49,07,aisstream,2026
2026-07-01 18:49:28.463-03,"{""Message"":{""PositionReport"":{""Cog"":0,""CommunicationState"":66534,""Latitude"":53.19406,""Longitude"":5.437659999999999,""MessageID"":1,""NavigationalStatus"":0,""PositionAccuracy"":true,""Raim"":true,""RateOfTurn"":-128,""RepeatIndicator"":0,""Sog"":0,""Spare"":0,""SpecialManoeuvreIndicator"":0,""Timestamp"":26,""TrueHeading"":511,""UserID"":244740201,""Valid"":true}},""MessageType"":""PositionReport"",""MetaData"":{""MMSI"":244740201,""MMSI_String"":244740201,""ShipName"":""STRANGER "",""latitude"":53.19406,""longitude"":5.43766,""time_utc"":""2026-07-01 21:49:26.991389147 +0000 UTC""}}",01,21,49,07,aisstream,2026
2026-07-01 18:49:28.471-03,"{""Message"":{""UnknownMessage"":{}},""MessageType"":""UnknownMessage"",""MetaData"":{""MMSI"":211770290,""MMSI_String"":211770290,""ShipName"":""OTTO LAUFFER"",""latitude"":53.54356,""longitude"":9.91557,""time_utc"":""2026-07-01 21:49:26.993696243 +0000 UTC""}}",01,21,49,07,aisstream,2026
2026-07-01 18:49:28.476-03,"{""Message"":{""PositionReport"":{""Cog"":360,""CommunicationState"":2240,""Latitude"":51.88612166666667,""Longitude"":4.278151666666667,""MessageID"":1,""NavigationalStatus"":0,""PositionAccuracy"":true,""Raim"":true,""RateOfTurn"":-128,""RepeatIndicator"":0,""Sog"":0,""Spare"":0,""SpecialManoeuvreIndicator"":0,""Timestamp"":26,""TrueHeading"":511,""UserID"":244650090,""Valid"":true}},""MessageType"":""PositionReport"",""MetaData"":{""MMSI"":244650090,""MMSI_String"":244650090,""ShipName"":""FALCON"",""latitude"":51.88612,""longitude"":4.27815,""time_utc"":""2026-07-01 21:49:26.998373672 +0000 UTC""}}",01,21,49,07,aisstream,2026
2026-07-01 18:49:28.487-03,"{""Message"":{""PositionReport"":{""Cog"":5.7,""CommunicationState"":66518,""Latitude"":51.88617333333333,""Longitude"":4.619303333333334,""MessageID"":1,""NavigationalStatus"":15,""PositionAccuracy"":true,""Raim"":true,""RateOfTurn"":-128,""RepeatIndicator"":0,""Sog"":0,""Spare"":0,""SpecialManoeuvreIndicator"":0,""Timestamp"":25,""TrueHeading"":511,""UserID"":244600000,""Valid"":true}},""MessageType"":""PositionReport"",""MetaData"":{""MMSI"":244600000,""MMSI_String"":244600000,""ShipName"":""RAK                 "",""latitude"":51.88617,""longitude"":4.6193,""time_utc"":""2026-07-01 21:49:27.015671832 +0000 UTC""}}",01,21,49,07,aisstream,2026
2026-07-01 18:49:28.512-03,"{""Message"":{""UnknownMessage"":{}},""MessageType"":""UnknownMessage"",""MetaData"":{""MMSI"":244700318,""MMSI_String"":244700318,""ShipName"":""MEARE"",""latitude"":51.69166,""longitude"":4.58866,""time_utc"":""2026-07-01 21:49:27.01803225 +0000 UTC""}}",01,21,49,07,aisstream,2026
2026-07-01 18:49:28.512-03,"{""Message"":{""PositionReport"":{""Cog"":360,""CommunicationState"":66526,""Latitude"":51.707678333333334,""Longitude"":4.62183,""MessageID"":1,""NavigationalStatus"":0,""PositionAccuracy"":false,""Raim"":false,""RateOfTurn"":-128,""RepeatIndicator"":0,""Sog"":0,""Spare"":0,""SpecialManoeuvreIndicator"":0,""Timestamp"":26,""TrueHeading"":511,""UserID"":244801590,""Valid"":true}},""MessageType"":""PositionReport"",""MetaData"":{""MMSI"":244801590,""MMSI_String"":244801590,""ShipName"":""THIJS JR"",""latitude"":51.70768,""longitude"":4.62183,""time_utc"":""2026-07-01 21:49:27.01679377 +0000 UTC""}}",01,21,49,07,aisstream,2026
2026-07-01 18:49:28.512-03,"{""Message"":{""PositionReport"":{""Cog"":120.8,""CommunicationState"":99295,""Latitude"":-21.13693333333333,""Longitude"":-175.18725,""MessageID"":1,""NavigationalStatus"":0,""PositionAccuracy"":false,""Raim"":false,""RateOfTurn"":-128,""RepeatIndicator"":0,""Sog"":0,""Spare"":0,""SpecialManoeuvreIndicator"":0,""Timestamp"":27,""TrueHeading"":511,""UserID"":570456000,""Valid"":true}},""MessageType"":""PositionReport"",""MetaData"":{""MMSI"":570456000,""MMSI_String"":570456000,""ShipName"":""KOE KELESI PE       "",""latitude"":-21.13693,""longitude"":-175.18725,""time_utc"":""2026-07-01 21:49:27.020252665 +0000 UTC""}}",01,21,49,07,aisstream,2026
2026-07-01 18:49:28.524-03,"{""Message"":{""PositionReport"":{""Cog"":249.6,""CommunicationState"":99312,""Latitude"":49.234186666666666,""Longitude"":-123.87187833333334,""MessageID"":1,""NavigationalStatus"":0,""PositionAccuracy"":true,""Raim"":false,""RateOfTurn"":0,""RepeatIndicator"":0,""Sog"":19.5,""Spare"":0,""SpecialManoeuvreIndicator"":0,""Timestamp"":26,""TrueHeading"":250,""UserID"":316001251,""Valid"":true}},""MessageType"":""PositionReport"",""MetaData"":{""MMSI"":316001251,""MMSI_String"":316001251,""ShipName"":""QUEEN OF COWICHAN"",""latitude"":49.23419,""longitude"":-123.87188,""time_utc"":""2026-07-01 21:49:27.022568524 +0000 UTC""}}",01,21,49,07,aisstream,2026
2026-07-01 18:49:28.524-03,"{""Message"":{""ExtendedClassBPositionReport"":{""AssignedMode"":false,""Cog"":17.4,""Dimension"":{""A"":14,""B"":14,""C"":3,""D"":5},""Dte"":true,""FixType"":0,""Latitude"":35.12528666666666,""Longitude"":129.06621333333334,""MessageID"":19,""Name"":""SAMWOOTUG           "",""PositionAccuracy"":false,""Raim"":false,""RepeatIndicator"":0,""Sog"":0,""Spare1"":0,""Spare2"":0,""Spare3"":0,""Timestamp"":60,""TrueHeading"":93,""Type"":52,""UserID"":440328640,""Valid"":true}},""MessageType"":""ExtendedClassBPositionReport"",""MetaData"":{""MMSI"":440328640,""MMSI_String"":440328640,""ShipName"":""SAMWOOTUG           "",""latitude"":35.12529,""longitude"":129.06621,""time_utc"":""2026-07-01 21:49:27.025961074 +0000 UTC""}}",01,21,49,07,aisstream,2026
2026-07-01 18:49:28.524-03,"{""Message"":{""DataLinkManagementMessage"":{""Data"":{""0"":{""Increment"":0,""Offset"":0,""TimeOut"":7,""Valid"":false,""integerOfSlots"":1},""1"":{""Increment"":750,""Offset"":1432,""TimeOut"":7,""Valid"":false,""integerOfSlots"":1},""2"":{""Increment"":0,""Offset"":0,""TimeOut"":0,""Valid"":false,""integerOfSlots"":0},""3"":{""Increment"":0,""Offset"":0,""TimeOut"":0,""Valid"":false,""integerOfSlots"":0}},""MessageID"":20,""RepeatIndicator"":3,""Spare"":0,""UserID"":2444009,""Valid"":true}},""MessageType"":""DataLinkManagementMessage"",""MetaData"":{""MMSI"":2444009,""MMSI_String"":2444009,""ShipName"":"""",""latitude"":52.01445,""longitude"":5.1104,""time_utc"":""2026-07-01 21:49:27.034262518 +0000 UTC""}}",01,21,49,07,aisstream,2026
2026-07-01 18:49:28.535-03,"{""Message"":{""PositionReport"":{""Cog"":76.6,""CommunicationState"":723,""Latitude"":49.77303333333334,""Longitude"":6.654120000000001,""MessageID"":3,""NavigationalStatus"":0,""PositionAccuracy"":true,""Raim"":false,""RateOfTurn"":0,""RepeatIndicator"":0,""Sog"":5.4,""Spare"":0,""SpecialManoeuvreIndicator"":0,""Timestamp"":24,""TrueHeading"":75,""UserID"":269057394,""Valid"":true}},""MessageType"":""PositionReport"",""MetaData"":{""MMSI"":269057394,""MMSI_String"":269057394,""ShipName"":""AMACERTO"",""latitude"":49.77303,""longitude"":6.65412,""time_utc"":""2026-07-01 21:49:27.036390146 +0000 UTC""}}",01,21,49,07,aisstream,2026
2026-07-01 18:49:28.54-03,"{""Message"":{""DataLinkManagementMessage"":{""Data"":{""0"":{""Increment"":0,""Offset"":0,""TimeOut"":7,""Valid"":false,""integerOfSlots"":1},""1"":{""Increment"":750,""Offset"":1682,""TimeOut"":7,""Valid"":false,""integerOfSlots"":1},""2"":{""Increment"":0,""Offset"":0,""TimeOut"":0,""Valid"":false,""integerOfSlots"":0},""3"":{""Increment"":0,""Offset"":0,""TimeOut"":0,""Valid"":false,""integerOfSlots"":0}},""MessageID"":20,""RepeatIndicator"":3,""Spare"":0,""UserID"":2444016,""Valid"":true}},""MessageType"":""DataLinkManagementMessage"",""MetaData"":{""MMSI"":2444016,""MMSI_String"":2444016,""ShipName"":"""",""latitude"":52.11316,""longitude"":5.07667,""time_utc"":""2026-07-01 21:49:27.042426 +0000 UTC""}}",01,21,49,07,aisstream,2026
2026-07-01 18:49:28.54-03,"{""Message"":{""DataLinkManagementMessage"":{""Data"":{""0"":{""Increment"":0,""Offset"":0,""TimeOut"":7,""Valid"":false,""integerOfSlots"":1},""1"":{""Increment"":750,""Offset"":1432,""TimeOut"":7,""Valid"":false,""integerOfSlots"":1},""2"":{""Increment"":0,""Offset"":0,""TimeOut"":0,""Valid"":false,""integerOfSlots"":0},""3"":{""Increment"":0,""Offset"":0,""TimeOut"":0,""Valid"":false,""integerOfSlots"":0}},""MessageID"":20,""RepeatIndicator"":3,""Spare"":0,""UserID"":2444009,""Valid"":true}},""MessageType"":""DataLinkManagementMessage"",""MetaData"":{""MMSI"":2444009,""MMSI_String"":2444009,""ShipName"":"""",""latitude"":52.01445,""longitude"":5.1104,""time_utc"":""2026-07-01 21:49:27.0434613 +0000 UTC""}}",01,21,49,07,aisstream,2026
2026-07-01 18:49:28.556-03,"{""Message"":{""PositionReport"":{""Cog"":190,""CommunicationState"":0,""Latitude"":-17.772681666666664,""Longitude"":177.38348166666668,""MessageID"":3,""NavigationalStatus"":5,""PositionAccuracy"":false,""Raim"":false,""RateOfTurn"":0,""RepeatIndicator"":0,""Sog"":0,""Spare"":0,""SpecialManoeuvreIndicator"":0,""Timestamp"":60,""TrueHeading"":4,""UserID"":538071191,""Valid"":true}},""MessageType"":""PositionReport"",""MetaData"":{""MMSI"":538071191,""MMSI_String"":538071191,""ShipName"":""EXPLORA"",""latitude"":-17.77268,""longitude"":177.38348,""time_utc"":""2026-07-01 21:49:27.047991358 +0000 UTC""}}",01,21,49,07,aisstream,2026
2026-07-01 18:49:28.556-03,"{""Message"":{""StandardClassBPositionReport"":{""AssignedMode"":false,""ClassBBand"":true,""ClassBDisplay"":false,""ClassBDsc"":true,""ClassBMsg22"":true,""ClassBUnit"":true,""Cog"":0,""CommunicationState"":393222,""CommunicationStateIsItdma"":true,""Latitude"":37.03588666666667,""Longitude"":27.425045,""MessageID"":18,""PositionAccuracy"":false,""Raim"":false,""RepeatIndicator"":0,""Sog"":0,""Spare1"":0,""Spare2"":0,""Timestamp"":26,""TrueHeading"":511,""UserID"":271041322,""Valid"":true}},""MessageType"":""StandardClassBPositionReport"",""MetaData"":{""MMSI"":271041322,""MMSI_String"":271041322,""ShipName"":""SAMARKAND"",""latitude"":37.03589,""longitude"":27.42505,""time_utc"":""2026-07-01 21:49:27.059333085 +0000 UTC""}}",01,21,49,07,aisstream,2026
2026-07-01 18:49:28.571-03,"{""Message"":{""ShipStaticData"":{""AisVersion"":1,""CallSign"":""A8PL7  "",""Destination"":""GR PIR\u003eGR JSY       "",""Dimension"":{""A"":150,""B"":35,""C"":20,""D"":7},""Dte"":false,""Eta"":{""Day"":9,""Hour"":8,""Minute"":0,""Month"":6},""FixType"":1,""ImoNumber"":9391373,""MaximumStaticDraught"":4.5,""MessageID"":5,""Name"":""CONTI BENGUELA      "",""RepeatIndicator"":0,""Spare"":false,""Type"":80,""UserID"":636091569,""Valid"":true}},""MessageType"":""ShipStaticData"",""MetaData"":{""MMSI"":636091569,""MMSI_String"":636091569,""ShipName"":""CONTI BENGUELA      "",""latitude"":37.43699,""longitude"":24.94074,""time_utc"":""2026-07-01 21:49:27.073532635 +0000 UTC""}}",01,21,49,07,aisstream,2026
2026-07-01 18:49:28.571-03,"{""Message"":{""PositionReport"":{""Cog"":263.6,""CommunicationState"":49447,""Latitude"":53.49769833333333,""Longitude"":9.977253333333334,""MessageID"":1,""NavigationalStatus"":0,""PositionAccuracy"":true,""Raim"":true,""RateOfTurn"":-128,""RepeatIndicator"":0,""Sog"":0,""Spare"":0,""SpecialManoeuvreIndicator"":1,""Timestamp"":27,""TrueHeading"":511,""UserID"":211712640,""Valid"":true}},""MessageType"":""PositionReport"",""MetaData"":{""MMSI"":211712640,""MMSI_String"":211712640,""ShipName"":""JADE                "",""latitude"":53.4977,""longitude"":9.97725,""time_utc"":""2026-07-01 21:49:27.062210493 +0000 UTC""}}",01,21,49,07,aisstream,2026
2026-07-01 18:49:28.571-03,"{""Message"":{""PositionReport"":{""Cog"":268.2,""CommunicationState"":1104,""Latitude"":53.61458833333334,""Longitude"":6.467796666666667,""MessageID"":3,""NavigationalStatus"":7,""PositionAccuracy"":false,""Raim"":false,""RateOfTurn"":-127,""RepeatIndicator"":0,""Sog"":2.5,""Spare"":0,""SpecialManoeuvreIndicator"":0,""Timestamp"":25,""TrueHeading"":267,""UserID"":244131000,""Valid"":true}},""MessageType"":""PositionReport"",""MetaData"":{""MMSI"":244131000,""MMSI_String"":244131000,""ShipName"":""ZK5 KLAAS SR        "",""latitude"":53.61459,""longitude"":6.4678,""time_utc"":""2026-07-01 21:49:27.075247031 +0000 UTC""}}",01,21,49,07,aisstream,2026
2026-07-01 18:49:28.594-03,"{""Message"":{""PositionReport"":{""Cog"":306.3,""CommunicationState"":33773,""Latitude"":57.57438166666667,""Longitude"":11.77804,""MessageID"":1,""NavigationalStatus"":15,""PositionAccuracy"":false,""Raim"":false,""RateOfTurn"":0,""RepeatIndicator"":0,""Sog"":0,""Spare"":0,""SpecialManoeuvreIndicator"":0,""Timestamp"":27,""TrueHeading"":277,""UserID"":265627630,""Valid"":true}},""MessageType"":""PositionReport"",""MetaData"":{""MMSI"":265627630,""MMSI_String"":265627630,""ShipName"":""AMANDA              "",""latitude"":57.57438,""longitude"":11.77804,""time_utc"":""2026-07-01 21:49:27.101449443 +0000 UTC""}}",01,21,49,07,aisstream,2026
2026-07-01 18:49:28.594-03,"{""Message"":{""UnknownMessage"":{}},""MessageType"":""UnknownMessage"",""MetaData"":{""MMSI"":3699101,""MMSI_String"":3699101,""ShipName"":"""",""latitude"":46.01618,""longitude"":-122.7756,""time_utc"":""2026-07-01 21:49:27.140107529 +0000 UTC""}}",01,21,49,07,aisstream,2026
2026-07-01 18:49:28.594-03,"{""Message"":{""DataLinkManagementMessage"":{""Data"":{""0"":{""Increment"":750,""Offset"":1682,""TimeOut"":7,""Valid"":false,""integerOfSlots"":1},""1"":{""Increment"":1125,""Offset"":0,""TimeOut"":7,""Valid"":false,""integerOfSlots"":1},""2"":{""Increment"":0,""Offset"":0,""TimeOut"":0,""Valid"":false,""integerOfSlots"":0},""3"":{""Increment"":0,""Offset"":0,""TimeOut"":0,""Valid"":false,""integerOfSlots"":0}},""MessageID"":20,""RepeatIndicator"":0,""Spare"":0,""UserID"":2655135,""Valid"":true}},""MessageType"":""DataLinkManagementMessage"",""MetaData"":{""MMSI"":2655135,""MMSI_String"":2655135,""ShipName"":"""",""latitude"":55.47831,""longitude"":13.27035,""time_utc"":""2026-07-01 21:49:27.099139428 +0000 UTC""}}",01,21,49,07,aisstream,2026
2026-07-01 18:49:28.594-03,"{""Message"":{""PositionReport"":{""Cog"":360,""CommunicationState"":81961,""Latitude"":52.636435,""Longitude"":5.063273333333333,""MessageID"":2,""NavigationalStatus"":15,""PositionAccuracy"":true,""Raim"":true,""RateOfTurn"":-128,""RepeatIndicator"":0,""Sog"":0,""Spare"":0,""SpecialManoeuvreIndicator"":0,""Timestamp"":26,""TrueHeading"":511,""UserID"":244730659,""Valid"":true}},""MessageType"":""PositionReport"",""MetaData"":{""MMSI"":244730659,""MMSI_String"":244730659,""ShipName"":""FORTUNA"",""latitude"":52.63644,""longitude"":5.06327,""time_utc"":""2026-07-01 21:49:27.084902729 +0000 UTC""}}",01,21,49,07,aisstream,2026
2026-07-01 18:49:28.601-03,"{""Message"":{""PositionReport"":{""Cog"":282,""CommunicationState"":0,""Latitude"":47.60340166666666,""Longitude"":-122.36280166666667,""MessageID"":3,""NavigationalStatus"":0,""PositionAccuracy"":false,""Raim"":false,""RateOfTurn"":11,""RepeatIndicator"":0,""Sog"":30.2,""Spare"":0,""SpecialManoeuvreIndicator"":0,""Timestamp"":60,""TrueHeading"":283,""UserID"":368206360,""Valid"":true}},""MessageType"":""PositionReport"",""MetaData"":{""MMSI"":368206360,""MMSI_String"":368206360,""ShipName"":""COMMANDER           "",""latitude"":47.6034,""longitude"":-122.3628,""time_utc"":""2026-07-01 21:49:27.144011938 +0000 UTC""}}",01,21,49,07,aisstream,2026
2026-07-01 18:49:28.607-03,"{""Message"":{""StaticDataReport"":{""MessageID"":24,""PartNumber"":true,""RepeatIndicator"":0,""ReportA"":{""Name"":"""",""Valid"":false},""ReportB"":{""CallSign"":"""",""Dimension"":{""A"":5,""B"":5,""C"":1,""D"":2},""FixType"":15,""ShipType"":36,""Spare"":0,""Valid"":true,""VenderIDModel"":1,""VenderIDSerial"":526550,""VendorIDName"":""SMT""},""Reserved"":0,""UserID"":338190043,""Valid"":true}},""MessageType"":""StaticDataReport"",""MetaData"":{""MMSI"":338190043,""MMSI_String"":338190043,""ShipName"":"""",""latitude"":41.88061,""longitude"":-87.61151,""time_utc"":""2026-07-01 21:49:27.148407052 +0000 UTC""}}",01,21,49,07,aisstream,2026
2026-07-01 18:49:28.625-03,"{""Message"":{""DataLinkManagementMessage"":{""Data"":{""0"":{""Increment"":250,""Offset"":1432,""TimeOut"":7,""Valid"":false,""integerOfSlots"":1},""1"":{""Increment"":1125,""Offset"":2250,""TimeOut"":7,""Valid"":false,""integerOfSlots"":1},""2"":{""Increment"":1125,""Offset"":1390,""TimeOut"":7,""Valid"":false,""integerOfSlots"":1},""3"":{""Increment"":0,""Offset"":0,""TimeOut"":0,""Valid"":false,""integerOfSlots"":0}},""MessageID"":20,""RepeatIndicator"":0,""Spare"":0,""UserID"":2241140,""Valid"":true}},""MessageType"":""DataLinkManagementMessage"",""MetaData"":{""MMSI"":2241140,""MMSI_String"":2241140,""ShipName"":""DESIERTO"",""latitude"":40.08554,""longitude"":0.03117,""time_utc"":""2026-07-01 21:49:27.167303031 +0000 UTC""}}",01,21,49,07,aisstream,2026
2026-07-01 18:49:28.625-03,"{""Message"":{""PositionReport"":{""Cog"":328.1,""CommunicationState"":27332,""Latitude"":39.64615666666667,""Longitude"":-0.21336333333333332,""MessageID"":1,""NavigationalStatus"":0,""PositionAccuracy"":true,""Raim"":false,""RateOfTurn"":0,""RepeatIndicator"":0,""Sog"":0,""Spare"":0,""SpecialManoeuvreIndicator"":0,""Timestamp"":27,""TrueHeading"":9,""UserID"":224916000,""Valid"":true}},""MessageType"":""PositionReport"",""MetaData"":{""MMSI"":224916000,""MMSI_String"":224916000,""ShipName"":""VB BRONCO           "",""latitude"":39.64616,""longitude"":-0.21336,""time_utc"":""2026-07-01 21:49:27.166574453 +0000 UTC""}}",01,21,49,07,aisstream,2026
2026-07-01 18:49:28.625-03,"{""Message"":{""StandardClassBPositionReport"":{""AssignedMode"":false,""ClassBBand"":true,""ClassBDisplay"":false,""ClassBDsc"":true,""ClassBMsg22"":false,""ClassBUnit"":true,""Cog"":296.7,""CommunicationState"":393222,""CommunicationStateIsItdma"":true,""Latitude"":52.945845,""Longitude"":5.404145,""MessageID"":18,""PositionAccuracy"":true,""Raim"":true,""RepeatIndicator"":0,""Sog"":0,""Spare1"":0,""Spare2"":0,""Timestamp"":27,""TrueHeading"":511,""UserID"":211769510,""Valid"":true}},""MessageType"":""StandardClassBPositionReport"",""MetaData"":{""MMSI"":211769510,""MMSI_String"":211769510,""ShipName"":""LITTLE TOY          "",""latitude"":52.94585,""longitude"":5.40415,""time_utc"":""2026-07-01 21:49:27.168611962 +0000 UTC""}}",01,21,49,07,aisstream,2026
2026-07-01 18:49:28.634-03,"{""Message"":{""ShipStaticData"":{""AisVersion"":1,""CallSign"":""V2HC2  "",""Destination"":""ITGOA               "",""Dimension"":{""A"":106,""B"":13,""C"":13,""D"":7},""Dte"":true,""Eta"":{""Day"":4,""Hour"":10,""Minute"":0,""Month"":7},""FixType"":1,""ImoNumber"":9362633,""MaximumStaticDraught"":7.2,""MessageID"":5,""Name"":""BBC SCANDINAVIA     "",""RepeatIndicator"":0,""Spare"":false,""Type"":70,""UserID"":304200000,""Valid"":true}},""MessageType"":""ShipStaticData"",""MetaData"":{""MMSI"":304200000,""MMSI_String"":304200000,""ShipName"":""BBC SCANDINAVIA     "",""latitude"":44.35286,""longitude"":9.03346,""time_utc"":""2026-07-01 21:49:27.171823597 +0000 UTC""}}",01,21,49,07,aisstream,2026
